Time,Tag,Content
1512887635.6363792,BaseLog,--->>>test_log565631
1512887682.4280555,BaseLog,--->>>test_log565631
1512887755.6932461,BaseLog,--->>>test_log565631
1512889795.4039109,BaseLog,--->>>test_log565631
1512889812.7569034,BaseLog,--->>>test_log565631
1512889840.899513,BaseLog,--->>>test_log565631
1512889852.6631858,BaseLog,--->>>test_log565631
1512890342.2001858,BaseLog,--->>>test_log565631
1512890439.4247468,BaseLog,--->>>test_log565631
1512890463.9281483,BaseLog,--->>>test_log565631
1512890491.3127146,BaseLog,--->>>test_log565631
1512890902.2362182,BaseLog,--->>>test_log565631
1512890915.0399504,BaseLog,--->>>test_log565631
1512890943.2255626,BaseLog,--->>>test_log565631
1512890952.0560675,BaseLog,--->>>test_log565631
1512890985.7989974,BaseLog,--->>>test_log565631
1512890992.8133988,BaseLog,--->>>test_log565631
1512891014.5796437,BaseLog,--->>>test_log565631
1512891591.979669,BaseLog,--->>>test_log565631
1512891608.0565886,BaseLog,--->>>test_log565631
1512891642.013531,BaseLog,--->>>test_log565631
1512891656.9223835,BaseLog,--->>>test_log565631
1512891676.61751,BaseLog,--->>>test_log565631
